"ID","START_DATE","END_DATE","EVENT_ID","MENTOR_NOTES","LANGUAGE_ID","MENTEE_COMPUTER_ID","MENTOR_ID","MSM","HANGOUTS_LINK",
162,,,"",,1,2,,360,"",
163,2020-08-25 00:00:00,2020-12-22 00:00:00,"3v5djgoa95i1eot0na0m32th78",,1,2,,1800,"",
164,,,"",,1,2,,3240,"",
165,,,"",,1,2,,4680,"",
166,,,"",,1,2,,6120,"",
167,2020-08-31 00:00:00,2020-12-28 00:00:00,"0mdv78ub8fd5q5hddk882kvfik",,1,2,255,540,"",
168,2020-08-18 00:00:00,2020-12-15 00:00:00,"ierffkdtkmgkpdfhdqcmoj0lq8",,1,2,103,1860,"",
464,2020-09-01 00:00:00,2020-12-29 00:00:00,"402au735mtvmmg9ai8klnvf86s",,1,28,336,2040,"",
170,2020-08-20 00:00:00,2020-12-17 00:00:00,"1sieia472gcnoqh56rq29qlpus",,1,2,133,4740,"",
171,2020-08-21 00:00:00,2020-12-18 00:00:00,"u7t1cl4tmdgt7n7hl2gv6bk614",,1,2,52,6180,"",
465,2020-09-01 00:00:00,2020-12-29 00:00:00,"eg4d6f2inirh93e0nd29p38kpg",,1,27,490,2040,"",
173,2020-08-25 00:00:00,2020-12-22 00:00:00,"56iskvflspi6cbgto542im978s",,1,3,251,1920,"",
174,2020-08-19 00:00:00,2020-12-16 00:00:00,"e0ov5aqfhn2mqgbn7qkgd83n0o",,1,2,131,3360,"",
175,2020-08-27 00:00:00,2020-12-24 00:00:00,"k4jip9n4b44hml00de4d6k4uug",,1,2,369,4800,"",
176,2020-08-21 00:00:00,2020-12-18 00:00:00,"8c16p33m5t4nn7jr3qj01c40qg",,1,2,193,6240,"",
177,,,"",,1,2,,420,"",
466,,,"",,1,28,,1980,"",
179,2020-08-19 00:00:00,2020-12-16 00:00:00,"0jobtrjf7fkc9u5ec5v4b253n4",,1,2,136,3420,"",
180,,,"",,1,2,,4860,"",
182,2020-08-17 00:00:00,2020-12-14 00:00:00,"430vh5mfpccvf63dctnh2hjdm4",,1,2,94,600,"",
183,,,"",,1,2,,2040,"",
184,2020-08-26 00:00:00,2020-12-23 00:00:00,"rvjfbg99dutemnvjg556ck1kao",,1,2,158,3480,"",
185,,,"",,1,2,,4920,"",
186,2020-08-21 00:00:00,2020-12-18 00:00:00,"f4h67venvrt7b83gm88v1fvde0",,1,2,69,6360,"",
467,2020-09-15 00:00:00,2021-01-12 00:00:00,"mp3s1cg810424het2dvmsuc4rs",,1,27,630,1980,"https://meet.google.com/wek-view-uow",
468,2020-09-01 00:00:00,2020-12-29 00:00:00,"sfjetp0sgh73pjnrrgcg8at7h8",,1,28,336,1920,"",
469,2020-09-01 00:00:00,2020-12-29 00:00:00,"q90f2bej8mce5ji9qm6sjk5e1c",,1,27,380,1920,"",
470,2020-09-01 00:00:00,2020-12-29 00:00:00,"n68mqd2jac3jbgjgpe5gv5vj1o",,1,28,455,1860,"",
473,2020-09-22 00:00:00,2021-01-19 00:00:00,"97ubqcha1ngd9mvbn5nbkjmccg",,1,27,352,1800,"https://meet.google.com/pis-bpgp-gef",
475,2020-08-31 00:00:00,2020-12-28 00:00:00,"ndc5ovkg2oqq1nla7u0s0jp5us",,1,27,411,600,"",
476,2020-10-05 00:00:00,2021-02-01 00:00:00,"g33u62n87slfqbn1e0neqqp2hk",,1,28,1038,540,"https://meet.google.com/ecw-eoyn-fzq",
478,2020-08-31 00:00:00,2020-12-28 00:00:00,"kfhnkuh5t4d9jvjlchecom6e00",,1,28,454,480,"",
384,,,"",,1,22,,600,"",
349,2020-08-26 00:00:00,2020-12-23 00:00:00,"7055euv22a6870djvdo2bi3n1g",,1,21,350,3300,"",
646,2020-08-28 00:00:00,2020-12-25 00:00:00,"d8tpr0qf16lqlacker44205pd8",,1,25,371,6300,"",
1087,2020-09-11 00:00:00,2021-01-08 00:00:00,"cvatjcjn3cr6u0fmsb04q4418s",,1,27,681,6420,"https://meet.google.com/iwc-hper-ocu",
402,2020-08-31 00:00:00,2020-12-28 00:00:00,"89o7hlgs5qpr9gfkrnirsooeao",,1,22,377,420,"",
597,2020-08-30 00:00:00,2020-12-27 00:00:00,"uopavgucd2m541tqktf98s18c8",,1,26,410,8940,"",
310,2020-09-24 00:00:00,2021-01-21 00:00:00,"a06fjqh2lvndhup2r6m6e53gj0",,1,21,681,4860,"https://meet.google.com/wvn-sqoe-kmk",
304,,,"",,1,21,,4920,"",
748,,,"",,1,25,,2040,"",
808,2020-11-16 00:00:00,2021-03-15 00:00:00,"ashtsacl46u6av68g11ko0ddso",,1,25,1152,420,"https://meet.google.com/soi-cfiz-nzx",
963,2020-09-12 00:00:00,2021-01-09 00:00:00,"79b4idkd2a3bnh35oi91glhl54",,1,43,599,7740,"",
964,2020-09-26 00:00:00,2021-01-23 00:00:00,"r55h7e7ojdjalse74ubp5b0ad8",,1,42,865,7740,"https://meet.google.com/iyf-kjxi-nef",
971,2020-09-26 00:00:00,2021-01-23 00:00:00,"4to0bfkd8ov3qumdv35h1drjj0",,1,43,858,7680,"https://meet.google.com/mff-ytmm-kro",
1082,2020-09-06 00:00:00,2021-01-03 00:00:00,"ohfhncrfrg11eu45juup4qmer0",,1,28,552,9300,"",
1083,2020-09-13 00:00:00,2021-01-10 00:00:00,"6fkimpqhibksuc35s5uf94hjbk",,1,27,671,9300,"https://meet.google.com/ipg-inim-tbu",
1084,2020-09-12 00:00:00,2021-01-09 00:00:00,"dktgot1o1j35tukn5lr40dhb38",,1,28,670,7860,"https://meet.google.com/tom-mvjg-gua",
1085,2020-09-12 00:00:00,2021-01-09 00:00:00,"ifet38ltb3ib4gbar6pclvivsk",,1,27,625,7860,"https://meet.google.com/kzc-jxoo-ghr",
1086,2020-09-11 00:00:00,2021-01-08 00:00:00,"ppciijkebu0enom296uvg5aj0g",,1,28,683,6420,"https://meet.google.com/ahj-kmzt-qrc",
1088,2020-09-24 00:00:00,2021-01-21 00:00:00,"fq9ir04c8lqhrlkn4f0ijia6fs",,1,28,736,4980,"https://meet.google.com/ogi-uhpq-ydq",
1089,2020-09-24 00:00:00,2021-01-21 00:00:00,"kr0eh2ceo5thlpta62kp7g7bkc",,1,27,775,4980,"https://meet.google.com/jna-jgxi-zce",
1090,2020-09-09 00:00:00,2021-01-06 00:00:00,"7602caunptburdv97bbitv46j0",,1,28,616,3540,"https://meet.google.com/fqx-zvcn-hww",
1091,2020-09-16 00:00:00,2021-01-13 00:00:00,"jdjrfbkl7tacivipsql9lm344c",,1,27,663,3540,"https://meet.google.com/snj-jpxo-vzr",
1092,2020-09-08 00:00:00,2021-01-05 00:00:00,"74tmr82gbt83g1rfjvejfb3gpk",,1,28,629,2100,"https://meet.google.com/phk-tbss-wcd",
1093,2020-09-29 00:00:00,2021-01-26 00:00:00,"7js8r4505j21rpngmbdg3i3h0o",,1,27,822,2100,"https://meet.google.com/frb-afup-vne",
1094,2020-08-24 00:00:00,2020-09-21 00:00:00,"kufiqfvkijak6coajsds8adhts",,1,28,276,660,"",
1095,2020-09-14 00:00:00,2021-01-11 00:00:00,"sq35eg3bbpvgbld0l1bh8e083o",,1,27,622,660,"https://meet.google.com/jua-wxmi-wxj",
1198,2020-10-17 00:00:00,2021-02-13 00:00:00,"gd1gqoiave5q4fq1nob0a9luic",,1,84,1253,7680,"https://meet.google.com/tci-cumx-awi",
1208,2020-09-26 00:00:00,2021-01-23 00:00:00,"q0nfunov0imk0kvlc6favs7lns",,1,82,777,7620,"https://meet.google.com/owf-thqz-etw",
1219,,,"",,1,84,,7500,"",
1226,2020-09-25 00:00:00,2021-01-22 00:00:00,"hncq99icuanuvn54572q7tdui4",,1,84,680,6360,"https://meet.google.com/yne-ojyz-apw",
1234,,,"",,1,83,,6300,"",
1236,,,"",,1,82,,6300,"",
1240,,,"",,1,84,,6240,"",
309,2020-09-03 00:00:00,2020-12-31 00:00:00,"oa4g7pd96epkkil1diej74krn8",,1,22,387,4860,"",
314,,,"",,1,23,,4800,"",
315,,,"",,1,22,,4800,"",
1107,2020-09-25 00:00:00,2021-01-22 00:00:00,"1j7dbb5a7kus2q34ia08m85518",,1,63,747,6300,"https://meet.google.com/fin-baap-ktn",
1108,,,"",,1,62,,6300,"",
322,2020-09-17 00:00:00,2021-01-14 00:00:00,"ek256voqg5lfpsbcqhnulu24k0",,1,21,681,4740,"https://meet.google.com/vkk-wtvu-uqw",
1109,,,"",,1,61,,6300,"",
1110,,,"",,1,64,,4920,"",
1111,,,"",,1,63,,4920,"",
326,,,"",,1,23,,4680,"",
327,,,"",,1,22,,4680,"",
330,,,"",,1,22,,3480,"",
1112,,,"",,1,62,,4920,"",
335,2020-09-09 00:00:00,2021-01-06 00:00:00,"jdda25nm2vto4miercin655tio",,1,23,264,3420,"",
337,,,"",,1,21,,3420,"",
1113,,,"",,1,61,,4920,"",
1114,,,"",,1,64,,4860,"",
341,,,"",,1,23,,3360,"",
1115,,,"",,1,63,,4860,"",
1116,,,"",,1,62,,4860,"",
140,2020-10-19 00:00:00,2021-02-15 00:00:00,"h37c5ap8gq5cbeiqf2rnna609c",,1,1,1335,420,"https://meet.google.com/zer-bgih-taz",
1117,,,"",,1,61,,4860,"",
1118,,,"",,1,64,,3480,"",
353,,,"",,1,23,,3240,"",
354,,,"",,1,22,,3240,"",
356,2020-08-25 00:00:00,2020-12-22 00:00:00,"n8ut94nsg9lppqvg985in6h8r0",,1,23,279,2040,"",
357,,,"",,1,22,,2040,"",
358,2020-09-29 00:00:00,2021-01-26 00:00:00,"gt815umoip81dc3u444si97hr0",,1,21,610,2040,"https://meet.google.com/wem-iwer-iqk",
1121,2020-09-16 00:00:00,2021-01-13 00:00:00,"odgork1qbkljtn4be03qovomls",,1,61,674,3480,"https://meet.google.com/thj-rhbz-yyq",
364,,,"",,1,21,,1980,"",
1122,,,"",,1,64,,3420,"",
1123,2020-09-16 00:00:00,2021-01-13 00:00:00,"20r6m0s4d6q7q3pc0qodeq9oho",,1,63,692,3420,"https://meet.google.com/srn-uipx-nkg",
368,,,"",,1,23,,1920,"",
369,2020-11-10 00:00:00,2021-03-09 00:00:00,"njk3vooa4ilvf8qbcs8b4uhqdg",,1,22,256,1920,"https://meet.google.com/ozu-fsmd-xat",
1124,,,"",,1,62,,3420,"",
1125,,,"",,1,61,,3420,"",
1126,,,"",,1,64,,2040,"",
376,,,"",,1,21,,1860,"",
1127,2020-09-15 00:00:00,2021-01-12 00:00:00,"0ikletdauvhvhu5jrein23cmso",,1,63,681,2040,"https://meet.google.com/phv-wvnf-vqp",
380,,,"",,1,23,,1800,"",
381,,,"",,1,22,,1800,"",
382,,,"",,1,21,,1800,"",
385,,,"",,1,21,,600,"",
1128,,,"",,1,62,,2040,"",
1129,,,"",,1,61,,2040,"",
390,2020-08-24 00:00:00,2020-12-21 00:00:00,"eusmvglg6brto3fpd0983ogod0",,1,22,252,540,"",
391,,,"",,1,21,,540,"",
1132,,,"",,1,62,,1980,"",
1133,,,"",,1,61,,1980,"",
395,2020-09-07 00:00:00,2021-01-04 00:00:00,"v6csna47fhrftl5qk9v7kaocl0",,1,23,261,480,"",
396,2020-09-07 00:00:00,2021-01-04 00:00:00,"8g1rkijru31gu2f03hpiofqic0",,1,22,342,480,"",
1135,2020-09-14 00:00:00,2021-01-11 00:00:00,"92pjk0la86e26q6uam3t0lar28",,1,63,657,600,"https://meet.google.com/tgj-xeqe-rao",
401,2020-08-31 00:00:00,2020-10-27 00:00:00,"jvffn411s9dj38rsldr8m2hseg",,1,23,316,420,"",
403,2020-08-24 00:00:00,2020-12-21 00:00:00,"sdgtvc19hmovvm4em96r1opnq8",,1,21,210,420,"",
1138,,,"",,1,64,,540,"",
407,,,"",,1,23,,360,"",
408,,,"",,1,22,,360,"",
409,2020-08-24 00:00:00,2020-12-21 00:00:00,"mhdbjuiac790d0tj5lvr0q173c",,1,21,210,360,"",
413,2020-09-06 00:00:00,2021-01-03 00:00:00,"jihmq3v6p17m822gji7cnvv334",,1,27,270,9240,"",
1140,,,"",,1,62,,540,"",
417,2020-08-30 00:00:00,2020-12-27 00:00:00,"4apgfqgjg6v0glegfkcbsp74u0",,1,27,267,9180,"",
420,2020-09-13 00:00:00,2021-01-10 00:00:00,"340m8n07v4tgrf0gbop5mm1kfg",,1,28,336,9120,"https://meet.google.com/axy-edcx-ajf",
424,2020-08-23 00:00:00,2020-12-20 00:00:00,"po0q0h893mvgt2jv31q5dvitfo",,1,28,231,9060,"",
436,,,"",,1,28,,7680,"",
443,,,"",,1,27,,6360,"",
444,,,"",,1,28,,6300,"",
445,2020-09-04 00:00:00,2021-01-01 00:00:00,"77pfnitiauf6bue5eam36hnus4",,1,27,511,6300,"",
447,,,"",,1,27,,6240,"",
458,2020-09-16 00:00:00,2021-01-13 00:00:00,"od31avira07vg7eegfh7ufjt9o",,1,28,674,3480,"https://meet.google.com/pnt-jnuv-mqq",
459,2020-08-26 00:00:00,2020-12-23 00:00:00,"5l33opn44il96ileh4rgvdbduk",,1,27,285,3480,"",
461,2020-09-02 00:00:00,2020-12-30 00:00:00,"6744ptpk7fo5ef3g8otfkqbv30",,1,27,450,3420,"",
463,2020-09-09 00:00:00,2021-01-06 00:00:00,"du10qlj5rlscjcc6fu27rjbld4",,1,27,336,3360,"https://meet.google.com/uku-bfqf-vrn",
749,2020-09-01 00:00:00,2020-12-29 00:00:00,"tepigb8lk270oiej2sccsdh1a4",,1,24,491,2040,"",
755,2020-10-27 00:00:00,2021-02-23 00:00:00,"e1o5oie622apof1b6so9fe43tk",,1,24,1730,1980,"https://meet.google.com/kch-puzb-qou",
759,,,"",,1,26,,1920,"",
761,2020-08-25 00:00:00,2020-12-22 00:00:00,"r90patlqj413qsa77qri3biosk",,1,24,277,1920,"",
765,2020-09-08 00:00:00,2021-01-05 00:00:00,"uc5ukveen864role39c9pi6lgk",,1,26,553,1860,"",
766,2020-08-25 00:00:00,2020-12-22 00:00:00,"rrioiaf7tr2d9hur4ks6qe83uo",,1,25,325,1860,"",
767,2020-08-25 00:00:00,2020-12-22 00:00:00,"85dio14oh5u4kh8kou7jie73f8",,1,24,284,1860,"",
771,,,"",,1,26,,1800,"",
772,,,"",,1,25,,1800,"",
773,2020-09-08 00:00:00,2021-01-05 00:00:00,"cgk1i8tauopj8e9ukng2tq4ko4",,1,24,284,1800,"https://meet.google.com/gzr-qpcu-ekk",
777,,,"",,1,26,,1740,"",
778,,,"",,1,25,,1740,"",
779,,,"",,1,24,,1740,"",
783,,,"",,1,26,,1680,"",
784,,,"",,1,25,,1680,"",
785,,,"",,1,24,,1680,"",
790,2020-08-24 00:00:00,2020-12-21 00:00:00,"but7a44rlscbkrtd7etkhs2emo",,1,25,291,600,"",
791,2020-09-28 00:00:00,2021-01-25 00:00:00,"o87gfn05vlbsvdc8olo1fkkijc",,1,24,820,600,"https://meet.google.com/adw-yovm-xay",
795,,,"",,1,26,,540,"",
797,2020-08-24 00:00:00,2020-12-21 00:00:00,"evgaur0v8aalne2me8sspqf2os",,1,24,,540,"",
802,,,"",,1,25,,480,"",
803,2020-10-12 00:00:00,2021-02-08 00:00:00,"oht6n1ltikv6n0h2bfiom8tt64",,1,24,1159,480,"https://meet.google.com/iqr-rwvh-vfo",
813,2020-09-07 00:00:00,2021-01-04 00:00:00,"tso4tam7vktchlj14nsctja950",,1,26,469,360,"",
814,,,"",,1,25,,360,"",
815,2020-08-24 00:00:00,2020-12-21 00:00:00,"e1us431l50bm87jhg8q9afosto",,1,24,210,360,"",
819,,,"",,1,26,,300,"",
820,,,"",,1,25,,300,"",
821,,,"",,1,24,,300,"",
825,,,"",,1,26,,240,"",
826,,,"",,1,25,,240,"",
827,2020-09-28 00:00:00,2021-01-25 00:00:00,"ic773a7ou7d33uh25sk1sd5l6k",,1,24,924,240,"https://meet.google.com/pkf-zrog-nqx",
237,2020-08-31 00:00:00,2020-12-28 00:00:00,"ldhq8q4i2cjqs6loqskoi56kcc",,1,3,210,360,"",
238,,,"",,1,3,,1800,"",
239,,,"",,1,3,,3240,"",
240,2020-08-20 00:00:00,2020-12-17 00:00:00,"7hdc0j00kj02hhrfoaev9bmn84",,1,3,102,4680,"",
241,,,"",,1,3,,6120,"",
242,,,"",,1,3,,420,"",
243,2020-08-18 00:00:00,2020-12-15 00:00:00,"jrjdu9vdia7aq7egfcidljn4vo",,1,3,98,1860,"",
244,2020-11-09 00:00:00,2021-03-08 00:00:00,"m7c4mldglhdusl4nb8jhclg6oc",,1,3,681,540,"https://meet.google.com/epn-giia-hcu",
245,2020-08-20 00:00:00,2020-12-17 00:00:00,"bqp4dbha1f1504sak2afclulio",,1,3,170,4740,"",
246,,,"",,1,3,,6180,"",
247,2020-08-17 00:00:00,2020-12-14 00:00:00,"q3ci5fn3nd59tlo4hqfvjd96pg",,1,3,97,480,"",
248,2020-08-18 00:00:00,2020-12-15 00:00:00,"82ictkbvv8ql68bl30610u61e4",,1,2,99,1920,"",
249,2020-08-19 00:00:00,2020-12-16 00:00:00,"cpmpq2hm5qjdtn3gcldrec5ohg",,1,3,83,3360,"",
251,2020-08-28 00:00:00,2020-12-25 00:00:00,"i4u7vem45g270uato7en9o9p68",,1,3,360,6240,"",
253,2020-08-25 00:00:00,2020-12-22 00:00:00,"radgv9kfujtsk2e6qeoa52cn0c",,1,3,150,1980,"",
254,2020-08-26 00:00:00,2020-12-23 00:00:00,"uv5csmd8gd18uanho9t46sld50",,1,3,199,3420,"",
255,,,"",,1,3,,4860,"",
256,2020-08-21 00:00:00,2020-12-18 00:00:00,"oitib1mfcnmlhrmafq34nl9auk",,1,3,192,6300,"",
257,2020-08-24 00:00:00,2020-12-21 00:00:00,"okn8p8m19l2m12jnpret377ec8",,1,3,29,600,"",
258,2020-08-18 00:00:00,2020-12-15 00:00:00,"jd0l5dmh7vpoficaedjj0nm248",,1,3,72,2040,"",
259,2020-11-11 00:00:00,2021-03-10 00:00:00,"gjjsjahptpngo8qhhkvrhmthps",,1,3,796,3480,"https://meet.google.com/iwv-ddtr-frz",
260,2020-08-20 00:00:00,2020-12-17 00:00:00,"n9jvnstisod20e0udjt8vb7j3o",,1,3,75,4920,"",
261,2020-10-02 00:00:00,2020-12-25 00:00:00,"t5ocf5qi3e2ep7o3r51p878nng",,1,3,1160,6360,"",
659,2020-08-28 00:00:00,2020-12-25 00:00:00,"p9v9drt170k84r9po0jshva0hk",,1,24,354,6180,"",
717,2020-09-16 00:00:00,2021-01-13 00:00:00,"72rluscf1h4k73mbamacnou6c0",,1,26,533,3420,"https://meet.google.com/kcw-skty-bdk",
1017,,,"",,1,49,,3240,"",
446,2020-08-28 00:00:00,2020-12-25 00:00:00,"mkdgbetmbh7nhmqr8khdptn914",,1,28,375,6240,"",
591,2020-08-30 00:00:00,2020-12-27 00:00:00,"1b4fe7eaja6eg858jhonerohrc",,1,26,376,9000,"",
682,2020-09-03 00:00:00,2020-12-31 00:00:00,"n3o0cginsjqijsf3lps2kf6uic",,1,25,388,4860,"",
342,2020-09-02 00:00:00,2020-12-30 00:00:00,"n5dbghs48jopat83g93sm8qrc4",,1,22,391,3360,"",
329,2020-09-16 00:00:00,2021-01-13 00:00:00,"qul1551j1vr5i58q2obq5e61r4",,1,23,676,3480,"https://meet.google.com/qor-vqjv-hii",
621,,,"",,1,26,,7620,"",
579,2020-08-30 00:00:00,2020-12-27 00:00:00,"1ufvmav9uv3bbd4ef21fdtfpuo",,1,26,193,9120,"",
574,2020-08-30 00:00:00,2020-12-27 00:00:00,"6f4mjt5g3hcidc915idhktc830",,1,25,315,9180,"",
454,2020-09-03 00:00:00,2020-12-31 00:00:00,"h58ivshdfbnqq58latgmcc5d7o",,1,28,455,4740,"",
362,,,"",,1,23,,1980,"",
343,2020-09-02 00:00:00,2020-12-30 00:00:00,"j0vr4c24c05ntpf3r93ac81g9g",,1,21,459,3360,"",
942,,,"",,1,48,,9240,"",
944,,,"",,1,46,,9240,"",
948,2020-09-13 00:00:00,2021-01-10 00:00:00,"kodfcjssmnvg2m75ck4t53vlmc",,1,42,630,9240,"https://meet.google.com/pht-rvmy-bus",
949,2020-09-13 00:00:00,2021-01-10 00:00:00,"krpf92re48rgkvrvd4re8ei9u8",,1,41,694,9240,"https://meet.google.com/ngw-kosa-bdt",
952,,,"",,1,46,,9180,"",
953,,,"",,1,45,,9180,"",
955,,,"",,1,43,,9180,"",
977,,,"",,1,45,,4860,"",
978,,,"",,1,44,,4860,"",
980,,,"",,1,42,,4860,"",
981,2020-09-24 00:00:00,2021-01-21 00:00:00,"chc3i82or073mr6fnfoedfdoig",,1,41,735,4860,"https://meet.google.com/btc-fcgz-vbr",
982,,,"",,1,48,,4800,"",
983,,,"",,1,47,,4800,"",
984,,,"",,1,46,,4800,"",
985,2020-09-10 00:00:00,2021-01-07 00:00:00,"e8umu8q09577ppphi27o02qfv8",,1,45,336,4800,"https://meet.google.com/srh-ahqn-dog",
986,,,"",,1,44,,4800,"",
987,,,"",,1,43,,4800,"",
989,2020-09-17 00:00:00,2021-01-14 00:00:00,"u89diqeap1ueff298qm4bg01ag",,1,41,681,4800,"https://meet.google.com/bxe-huht-vjz",
1006,,,"",,1,52,,6120,"",
1007,,,"",,1,51,,6120,"",
1008,,,"",,1,50,,6120,"",
1009,,,"",,1,49,,6120,"",
1010,,,"",,1,52,,4680,"",
1011,,,"",,1,51,,4680,"",
1012,,,"",,1,50,,4680,"",
1013,,,"",,1,49,,4680,"",
1014,,,"",,1,52,,3240,"",
1015,,,"",,1,51,,3240,"",
1016,,,"",,1,50,,3240,"",
1018,,,"",,1,52,,1800,"",
1019,,,"",,1,51,,1800,"",
1020,,,"",,1,50,,1800,"",
1021,,,"",,1,49,,1800,"",
1022,,,"",,1,52,,360,"",
1023,,,"",,1,51,,360,"",
1025,,,"",,1,49,,360,"",
700,,,"",,1,25,,4680,"",
355,,,"",,1,21,,3240,"",
1164,2020-10-18 00:00:00,2021-02-14 00:00:00,"1n830h9sqs1u8mj25ttjf8s7tc",,1,83,1257,9060,"https://meet.google.com/csq-mwpu-spb",
1166,2020-10-18 00:00:00,2021-02-14 00:00:00,"7qj6qr84iia0rmf8ft7ek81em8",,1,82,1261,9060,"https://meet.google.com/sbx-asuy-hxr",
1178,2020-09-27 00:00:00,2021-01-24 00:00:00,"an51pbvahgb3c7d0ubtplbgi5k",,1,83,494,8940,"https://meet.google.com/cjn-mwmj-uju",
1180,,,"",,1,82,,8940,"",
1184,2020-09-19 00:00:00,2021-01-16 00:00:00,"a5rum9hpc06nmtfckfu7evf2k4",,1,84,653,7800,"https://meet.google.com/aei-qxkx-hgn",
1185,2020-09-26 00:00:00,2021-01-23 00:00:00,"gbr065ef9fa02imj9j7jinv2v0",,1,83,774,7800,"https://meet.google.com/kkk-dnfa-vbs",
1187,2020-09-26 00:00:00,2021-01-23 00:00:00,"ugb1jfkfd4b7g2good3d9nnrl0",,1,82,800,7800,"https://meet.google.com/sys-fyzm-fry",
448,,,"",,1,28,,4920,"",
194,2020-08-19 00:00:00,2020-12-16 00:00:00,"grev5v73h7g4dqo70i64188gcc",,1,1,93,3300,"",
63,2020-08-17 00:00:00,2020-12-14 00:00:00,"cc4j6qp7uclq2mt5jg1p8k25m8",,1,1,30,1860,"",
196,,,"",,1,1,,6180,"",
450,2020-10-15 00:00:00,2021-02-11 00:00:00,"2621s74hkipqtnb71fq6uhd0is",,1,28,1370,4860,"https://meet.google.com/yue-bchb-nng",
451,,,"",,1,27,,4860,"",
199,2020-08-19 00:00:00,2020-12-16 00:00:00,"hvggdj519gd1h77sq7a31qdvb4",,1,1,133,3360,"",
200,2020-08-20 00:00:00,2020-12-17 00:00:00,"0rfrlhn30nnll2uj8i2ifnmmko",,1,1,31,4800,"",
201,2020-08-28 00:00:00,2020-12-25 00:00:00,"f727iqjmc5ip6r51o6e15uf1hc",,1,1,80,6240,"",
95,2020-08-20 00:00:00,2020-12-17 00:00:00,"3cc44d45dv7q6tpa3ue43j4no4",,1,1,27,4740,"",
202,2020-08-24 00:00:00,2020-12-21 00:00:00,"cod4bibkna5knfo6hiuemd5058",,1,1,191,540,"",
203,2020-08-18 00:00:00,2020-12-15 00:00:00,"ms0nfj73dji9epdne4440hf550",,1,1,24,1980,"",
452,,,"",,1,28,,4800,"",
206,2020-08-28 00:00:00,2020-12-25 00:00:00,"elti3lm8osd4idg1odsa8l65do",,1,1,383,6300,"",
207,2020-08-24 00:00:00,2020-12-21 00:00:00,"7e7pspipdvikmsm527r9fkjtoc",,1,1,170,600,"",
208,2020-08-25 00:00:00,2020-12-22 00:00:00,"4v43vosdium11fgn7d870g7gs4",,1,1,162,2040,"",
209,2020-09-23 00:00:00,2021-01-20 00:00:00,"holm32l1j355eb49c46rroo7eo",,1,1,678,3480,"https://meet.google.com/xab-rrpk-mki",
105,2020-08-19 00:00:00,2020-12-16 00:00:00,"675k9fnlrlaoavq8pss73jvk3s",,1,2,78,3300,"",
210,2020-08-20 00:00:00,2020-12-17 00:00:00,"ofag9v39r0kl518c4a1pthek00",,1,1,160,4920,"",
211,2020-08-21 00:00:00,2020-12-18 00:00:00,"c0n1j7300sb7t8dlqgium4lik4",,1,1,25,6360,"",
108,2020-08-19 00:00:00,2020-12-16 00:00:00,"nm0f3q0lam7jao0076pbepi88k",,1,1,79,3420,"",
455,2020-08-27 00:00:00,2020-12-24 00:00:00,"7sr59npb56fjkkia5mdoc04ub0",,1,27,260,4740,"",
456,,,"",,1,28,,4680,"",
457,,,"",,1,27,,4680,"",
567,2020-08-30 00:00:00,2020-12-27 00:00:00,"0pdshrc8jbcggfa5iicq42on8o",,1,26,269,9240,"",
118,2020-08-18 00:00:00,2020-12-15 00:00:00,"hk8o3qpidpa20kbjkg8dnrmq1g",,1,2,87,1980,"",
568,2020-08-30 00:00:00,2020-12-27 00:00:00,"41julu14g5e43pju4j3612nvfc",,1,25,365,9240,"",
569,2020-08-30 00:00:00,2020-12-27 00:00:00,"8lhl3qcfcqpt53emhaeo7eitho",,1,24,278,9240,"",
1026,2020-09-25 00:00:00,2021-01-22 00:00:00,"jid8gmeknbvs3ok7tmem3vi2ag",,1,52,747,6360,"https://meet.google.com/ygr-qcpo-xhp",
124,2020-08-18 00:00:00,2020-12-15 00:00:00,"5hf13n8ip3eahnop6n8segmvmc",,1,1,30,1920,"",
573,2020-10-11 00:00:00,2021-02-07 00:00:00,"aqi971p05i8khfgqa7uvuuhb5c",,1,26,1120,9180,"https://meet.google.com/mqx-qtzz-rnm",
127,,,"",,1,3,,3300,"",
575,2020-09-06 00:00:00,2021-01-03 00:00:00,"855hqm4pk6e86em6a90gor5jc0",,1,24,266,9180,"",
133,2020-08-17 00:00:00,2020-12-14 00:00:00,"nkip83f0rs3de591ng8e13rlhk",,1,4,76,480,"",
581,2020-09-27 00:00:00,2021-01-24 00:00:00,"a921b91fs8bgt1tgilaum2u00o",,1,24,395,9120,"https://meet.google.com/umo-rjbo-jho",
1035,,,"",,1,51,,4920,"",
1036,,,"",,1,50,,4920,"",
138,2020-08-24 00:00:00,2020-12-21 00:00:00,"3h3tndlr23p8dn65ib7g0hv03c",,1,2,24,480,"",
187,2020-08-17 00:00:00,2020-12-14 00:00:00,"doieen2odg1i7d28k8nqqmgkrc",,1,1,74,360,"",
188,,,"",,1,1,,1800,"",
190,,,"",,1,1,,4680,"",
191,,,"",,1,1,,6120,"",
192,2020-08-24 00:00:00,2020-12-21 00:00:00,"fbutknc9juge49i8501t9h2er0",,1,1,149,480,"",
585,2020-08-30 00:00:00,2020-12-27 00:00:00,"vbf6t6ia272b9cddor43nn5q1g",,1,26,321,9060,"",
598,,,"",,1,25,,8940,"",
599,,,"",,1,24,,8940,"",
609,2020-08-29 00:00:00,2020-12-26 00:00:00,"2ntml82isj8d26104tkpcse39g",,1,26,309,7740,"",
610,2020-08-29 00:00:00,2020-12-26 00:00:00,"55tg220ntcmokk8g432gcig5ac",,1,25,283,7740,"",
617,2020-11-07 00:00:00,2021-03-06 00:00:00,"u8df1pnpklrkvrne0gtjf7847o",,1,24,1256,7680,"https://meet.google.com/opj-gnac-grj",
1028,,,"",,1,50,,6360,"",
623,2020-09-05 00:00:00,2021-01-02 00:00:00,"9jmcb9go502vehfek5nl78p718",,1,24,430,7620,"",
1030,,,"",,1,52,,6300,"",
1031,,,"",,1,51,,6300,"",
627,2020-08-29 00:00:00,2020-12-26 00:00:00,"hc2eibcdkr9nqpgmfckdarsh2o",,1,26,429,7560,"",
628,2020-08-29 00:00:00,2020-12-26 00:00:00,"sgtg98tbcsv15tckjvpq3o3h9k",,1,25,338,7560,"",
1032,,,"",,1,50,,6300,"",
1033,,,"",,1,49,,6300,"",
1034,,,"",,1,52,,4920,"",
640,2020-09-11 00:00:00,2021-01-08 00:00:00,"f5b807083kfqfcso1evnd2pmso",,1,25,551,6360,"https://meet.google.com/ioi-tmsf-heo",
647,2020-08-28 00:00:00,2020-12-25 00:00:00,"a9lkij5s5ett1h2ovvcivevgsg",,1,24,318,6300,"",
653,2020-10-16 00:00:00,2021-02-12 00:00:00,"6kq47m5kor2et128qu32g5lc48",,1,24,1271,6240,"https://meet.google.com/ewx-xfkq-fud",
663,,,"",,1,26,,6120,"",
664,,,"",,1,25,,6120,"",
665,,,"",,1,24,,6120,"",
669,,,"",,1,26,,6060,"",
670,,,"",,1,25,,6060,"",
671,,,"",,1,24,,6060,"",
675,2020-09-03 00:00:00,2020-12-31 00:00:00,"89r7h3kg1b36g37i01uea1grto",,1,26,534,4920,"",
676,2020-08-27 00:00:00,2020-12-24 00:00:00,"va7pgn1m5rc99rgemu83h0fi2s",,1,25,337,4920,"",
681,,,"",,1,26,,4860,"",
683,2020-08-27 00:00:00,2020-12-24 00:00:00,"5jc3gntumitaa8mrckofhcsrik",,1,24,368,4860,"",
687,,,"",,1,26,,4800,"",
688,,,"",,1,25,,4800,"",
689,,,"",,1,24,,4800,"",
695,2020-10-01 00:00:00,2021-01-28 00:00:00,"4fmv98mffir74l54le3fn83dg8",,1,24,1014,4740,"https://meet.google.com/bis-iuov-wxu",
699,,,"",,1,26,,4680,"",
701,,,"",,1,24,,4680,"",
706,,,"",,1,25,,4620,"",
707,,,"",,1,24,,4620,"",
712,2020-09-23 00:00:00,2021-01-20 00:00:00,"ujbjj9unrfefs0f1964ot6nps8",,1,25,818,3480,"https://meet.google.com/mfh-hied-szd",
713,2020-10-07 00:00:00,2021-02-03 00:00:00,"4gm0nb5v2aets30umhmbuub0rc",,1,24,1114,3480,"https://meet.google.com/fzo-uugi-xrq",
718,,,"",,1,25,,3420,"",
719,,,"",,1,24,,3420,"",
724,2020-08-26 00:00:00,2020-12-23 00:00:00,"9cpljth0qvm5eo2o8itabd4boo",,1,25,274,3360,"",
729,2020-09-30 00:00:00,2021-01-27 00:00:00,"4d1vft263t5spubdfuv68lprqg",,1,26,994,3300,"https://meet.google.com/rwr-kswc-ouh",
731,2020-09-30 00:00:00,2021-01-27 00:00:00,"ara01s53bk6uo1917kgjujp1u8",,1,24,570,3300,"https://meet.google.com/hoy-ffyt-esw",
737,,,"",,1,24,,3240,"",
741,,,"",,1,26,,3180,"",
742,,,"",,1,25,,3180,"",
462,2020-08-26 00:00:00,2020-12-23 00:00:00,"6iqt6ta4s5j7bmssabjtt2g34s",,1,28,333,3360,"",
262,,,"",,1,4,,360,"",
263,2020-08-25 00:00:00,2020-12-22 00:00:00,"nj9srh626tcke9agrj4gjt4fjo",,1,4,109,1800,"",
264,,,"",,1,4,,3240,"",
265,,,"",,1,4,,4680,"",
266,,,"",,1,4,,6120,"",
267,,,"",,1,4,,420,"",
268,2020-08-25 00:00:00,2020-12-22 00:00:00,"m6pfs8g3l3tj8rm2778v7d0gjs",,1,4,155,1860,"",
269,2020-09-16 00:00:00,2021-01-13 00:00:00,"uuofmpvmea0jnnbjia24jrs0sc",,1,4,679,3300,"https://meet.google.com/rwu-maqr-jnr",
270,2020-09-03 00:00:00,2020-12-31 00:00:00,"dqior58punanf5f27orvlm3s88",,1,4,75,4740,"",
271,,,"",,1,4,,6180,"",
273,2020-08-25 00:00:00,2020-12-22 00:00:00,"mvsmk0oaf1mgrhugpf9evdau6s",,1,4,129,1920,"",
274,2020-09-02 00:00:00,2020-12-30 00:00:00,"umoboja935s40o56g26gdto164",,1,4,521,3360,"",
275,2020-11-05 00:00:00,2021-03-04 00:00:00,"1i8hjvri56vcpfgqsubf8us8ig",,1,4,27,4800,"https://meet.google.com/qka-uxwt-bdu",
276,2020-08-21 00:00:00,2020-12-18 00:00:00,"mjkkjrm4ca22dohos7que071mc",,1,4,195,6240,"",
277,2020-08-24 00:00:00,2020-12-21 00:00:00,"son8mopv88rpenb88bts1847r8",,1,4,,540,"",
278,2020-08-25 00:00:00,2020-12-22 00:00:00,"mmi7jp7h0kcigbdne73omao1v4",,1,4,196,1980,"",
279,2020-08-19 00:00:00,2020-12-16 00:00:00,"mo0uenvt548j8k26jr0n7h4520",,1,4,91,3420,"",
280,2020-08-20 00:00:00,2020-12-17 00:00:00,"84tsbo3p28e6uh2776e34oj52g",,1,4,156,4860,"",
281,2020-11-13 00:00:00,2021-03-12 00:00:00,"71nab6jiq7n70rktqq52a24plg",,1,4,835,6300,"https://meet.google.com/afk-dutg-qrb",
282,2020-08-24 00:00:00,2020-12-21 00:00:00,"o9e1l5g43edhec2st7l4j2l5kg",,1,4,137,600,"",
284,,,"",,1,4,,3480,"",
285,,,"",,1,4,,4920,"",
286,2020-08-28 00:00:00,2020-12-25 00:00:00,"mubdsl46feb1a97mcv54le0vro",,1,4,322,6360,"",
1478,2020-11-13 00:00:00,2021-03-12 00:00:00,"uosb1jhlbn00p4mp16de3ei20o",,1,104,955,6390,"https://meet.google.com/fxx-wvwd-dwp",
370,2020-09-01 00:00:00,2020-12-29 00:00:00,"14t1k3mc9o51rc6dksu8trf3d8",,1,21,340,1920,"",
331,2020-09-09 00:00:00,2021-01-06 00:00:00,"f72ohdkur6861pd77kssgadv5s",,1,21,362,3480,"https://meet.google.com/jct-goay-gno",
592,2020-08-30 00:00:00,2020-12-27 00:00:00,"p3j7dvlkl3t4ni1vfllu3tcnbo",,1,25,359,9000,"",
725,2020-08-26 00:00:00,2020-12-23 00:00:00,"d3p0j7iglg1tvkefiinllcv11o",,1,24,355,3360,"",
603,2020-08-29 00:00:00,2020-12-26 00:00:00,"h6t3bd2vr369tqanul98782tqk",,1,26,371,7800,"",
651,2020-08-28 00:00:00,2020-12-25 00:00:00,"ton0hgph7laaicol8m7e97qqpk",,1,26,367,6240,"",
789,2020-09-14 00:00:00,2021-01-11 00:00:00,"4e9c08t3n25vbri38hp1l8sg24",,1,26,638,600,"https://meet.google.com/pyx-qwed-mie",
622,2020-08-29 00:00:00,2020-12-26 00:00:00,"4bpa5qrn30cp4gcv0seniubbok",,1,25,392,7620,"",
303,2020-09-03 00:00:00,2020-12-31 00:00:00,"hcm2tvqc3l0g9bvtvlnlt8ahag",,1,22,397,4920,"",
374,,,"",,1,23,,1860,"",
336,2020-09-02 00:00:00,2020-12-30 00:00:00,"jfqucmt9abvbluobvel3mjjpv4",,1,22,451,3420,"",
316,2020-09-03 00:00:00,2020-12-31 00:00:00,"fado0q9fmq4lp8goo1jbqjok1c",,1,21,457,4800,"",
736,2020-09-02 00:00:00,2020-12-30 00:00:00,"al9j36d0j8qhs7snn8e8arphs4",,1,25,489,3240,"",
308,2020-11-12 00:00:00,2021-03-11 00:00:00,"96ua93ou61nuj7c252tfi23m6s",,1,23,464,4860,"https://meet.google.com/tzo-wxev-cmy",
616,,,"",,1,25,,7680,"",
615,2020-09-05 00:00:00,2021-01-02 00:00:00,"ncn8pnbtk7glss4n4gdgmiesis",,1,26,519,7680,"",
991,2020-10-20 00:00:00,2021-02-16 00:00:00,"sk30r70ufoc1c14bth0hu6i7fs",,1,47,688,1980,"https://meet.google.com/ekb-tpkj-xuu",
992,,,"",,1,46,,1980,"",
995,,,"",,1,43,,1980,"",
996,2020-09-29 00:00:00,2021-01-26 00:00:00,"v47umnvodae4kq98m8eeopetmo",,1,42,854,1980,"https://meet.google.com/ktg-aczf-kst",
997,,,"",,1,41,,1980,"",
998,,,"",,1,48,,1920,"",
999,2020-09-15 00:00:00,2021-01-12 00:00:00,"cd6cb9jspg8f3cd4e6klvj012s",,1,47,681,1920,"https://meet.google.com/eik-gdzn-tyg",
1000,,,"",,1,46,,1920,"",
1002,,,"",,1,44,,1920,"",
1003,,,"",,1,43,,1920,"",
1004,,,"",,1,42,,1920,"",
1037,,,"",,1,49,,4920,"",
1039,,,"",,1,51,,4860,"",
1040,,,"",,1,50,,4860,"",
1042,2020-09-09 00:00:00,2021-01-06 00:00:00,"jpvl5rc4vr1gli2vnp97bc1g9k",,1,52,532,3480,"https://meet.google.com/kpt-uuva-cmb",
1043,2020-10-07 00:00:00,2021-02-03 00:00:00,"l48gflne6bh8ufhvla0uakpn64",,1,51,1130,3480,"https://meet.google.com/wih-usoj-chp",
1046,2020-09-09 00:00:00,2021-01-06 00:00:00,"e38bvbqk22p2vkajk6u2d856o8",,1,52,614,3420,"https://meet.google.com/vdj-vecx-myp",
1047,,,"",,1,51,,3420,"",
1049,,,"",,1,49,,3420,"",
1050,,,"",,1,52,,2040,"",
1051,,,"",,1,51,,2040,"",
1052,,,"",,1,50,,2040,"",
1053,2020-09-29 00:00:00,2021-01-26 00:00:00,"jgpqp94jtiif3fso0hrsp728lk",,1,49,690,2040,"https://meet.google.com/vaq-nfsv-rew",
1054,2020-09-08 00:00:00,2021-01-05 00:00:00,"hr1t4v1ad7eaen9bg7aa7ovr0o",,1,52,624,1980,"https://meet.google.com/omu-kqts-ehs",
1055,,,"",,1,51,,1980,"",
1056,,,"",,1,50,,1980,"",
1057,,,"",,1,49,,1980,"",
1060,2020-09-14 00:00:00,2021-01-11 00:00:00,"1bqjpul3p1bemmsg0vbrp5pm5c",,1,50,667,600,"https://meet.google.com/sje-maei-eqf",
1062,,,"",,1,52,,540,"",
1063,,,"",,1,51,,540,"",
1064,,,"",,1,50,,540,"",
652,,,"",,1,25,,6240,"",
735,,,"",,1,26,,3240,"",
605,2020-09-12 00:00:00,2021-01-09 00:00:00,"m21b1226qas9h8gbqvv7lookd8",,1,24,654,7800,"https://meet.google.com/tcb-cvhr-hfm",
412,2020-09-20 00:00:00,2021-01-17 00:00:00,"v9g8aphm5tbr9hp1odf8dc5cjs",,1,28,726,9240,"https://meet.google.com/wxq-mioo-cgn",
945,,,"",,1,45,,9240,"",
1163,2020-09-27 00:00:00,2021-01-24 00:00:00,"degkgp34k133rsptq1ksdn3g40",,1,84,834,9060,"https://meet.google.com/bjx-mcmq-apz",
946,,,"",,1,44,,9240,"",
635,2020-10-03 00:00:00,2021-01-30 00:00:00,"gifevu5u79ip67u5docp83f8kg",,1,24,918,7500,"https://meet.google.com/pyv-etjn-crj",
1191,2020-10-03 00:00:00,2021-01-30 00:00:00,"mk8qob4ugmfuup796srfrjl6so",,1,84,730,7740,"https://meet.google.com/rhh-pbca-kns",
956,,,"",,1,42,,9180,"",
383,2020-10-05 00:00:00,2021-02-01 00:00:00,"q44v445t469abkgbjjhsu9nqpk",,1,23,1037,600,"https://meet.google.com/pyd-anni-vdt",
1152,2020-10-04 00:00:00,2021-01-31 00:00:00,"8it7qv1q7prv94lfo22lb1frdk",,1,82,731,9180,"https://meet.google.com/tcc-xfvv-azv",
1237,2020-11-06 00:00:00,2021-03-05 00:00:00,"qon133ec73c37qjs3rtte0o19k",,1,26,2090,6300,"https://meet.google.com/vyr-zqmt-nkm",
433,2020-10-24 00:00:00,2021-02-20 00:00:00,"5rc6m8bs3ppt9aslsokuoi9mps",,1,27,1491,7740,"https://meet.google.com/crt-xmym-ugn",
961,,,"",,1,45,,7740,"",
993,,,"",,1,45,,1980,"",
283,2020-10-13 00:00:00,2021-02-09 00:00:00,"jskghqac7ib2k60noggod7gvl4",,1,4,1156,2040,"https://meet.google.com/wyr-owkt-ezc",
1157,2020-10-18 00:00:00,2021-02-14 00:00:00,"63k2qnrv460a4amchqmgnubils",,1,83,1248,9120,"https://meet.google.com/poq-gbgw-dqo",
611,2020-10-17 00:00:00,2021-02-13 00:00:00,"5iobgtutudo3dcajfa9jjioi6c",,1,24,1242,7740,"https://meet.google.com/bsg-fzcp-pvh",
1199,2020-10-17 00:00:00,2021-02-13 00:00:00,"vfdjqh9o9mhc8olio5bgq8l6og",,1,83,1254,7680,"https://meet.google.com/fmk-rvne-uhu",
580,2020-10-18 00:00:00,2021-02-14 00:00:00,"fdsu5fmv5qj89d8osgkirvt4nk",,1,25,1255,9120,"https://meet.google.com/pfd-hdfk-dhg",
1261,2020-10-16 00:00:00,2021-02-12 00:00:00,"ovin9adf3336mji86l6915q33g",,1,84,1246,6060,"https://meet.google.com/pqk-vaze-boo",
1215,2020-10-17 00:00:00,2021-02-13 00:00:00,"3udlsoe3997fmtrthl27q8a6a8",,1,82,1247,7560,"https://meet.google.com/uay-qnbh-nqd",
1173,2020-10-18 00:00:00,2021-02-14 00:00:00,"l6qk9arijrad5huvn55hmm801g",,1,82,1252,9000,"https://meet.google.com/pjw-iojv-wft",
421,,,"",,1,27,,9120,"",
972,,,"",,1,42,,7680,"",
1136,2020-10-19 00:00:00,2021-02-15 00:00:00,"p2ir831lnlrunk07n1tphj1agc",,1,62,751,600,"https://meet.google.com/vjt-tdpv-rgb",
1044,2020-10-21 00:00:00,2021-02-17 00:00:00,"426c298ee0b13rrfbet290o1d0",,1,50,1340,3480,"https://meet.google.com/nxa-wqgx-cpc",
1171,2020-10-18 00:00:00,2021-02-14 00:00:00,"3eml2jnhuns3rvl8eitmtb09ag",,1,83,1410,9000,"https://meet.google.com/niu-dpmp-enp",
1227,2020-10-23 00:00:00,2021-02-19 00:00:00,"h039e4pej95upjo14r19a1jt0c",,1,83,1167,6360,"https://meet.google.com/ttn-yauk-twy",
1045,2020-10-21 00:00:00,2021-02-17 00:00:00,"mnk07aqs2b9qsba90iqaaha3vc",,1,49,1510,3480,"https://meet.google.com/dcg-zsmw-mva",
796,2020-10-19 00:00:00,2021-02-15 00:00:00,"05f0i1uimgjoic49om81mrdbrs",,1,25,1263,540,"https://meet.google.com/use-qvoh-fhg",
629,2020-10-24 00:00:00,2021-02-20 00:00:00,"q2if2c317mkv6n27grm62n7ods",,1,24,1449,7560,"https://meet.google.com/idx-yodx-tnd",
397,2020-10-26 00:00:00,2021-02-22 00:00:00,"c2cllavvibc7vl1c5u8tn1u3is",,1,21,1590,480,"https://meet.google.com/quz-mpwb-fkp",
1353,2020-10-27 00:00:00,2021-02-23 00:00:00,"6m1tvm397nddjgsel838g3g524",,1,83,1609,2040,"https://meet.google.com/pev-ingb-qna",
189,,,"",,1,1,,3240,"",
1442,2020-11-14 00:00:00,2021-03-13 00:00:00,"arvpjk7oj0fe4mgojha57pe0i0",,1,110,840,7830,"https://meet.google.com/xcg-cwmc-fsg",
1444,2020-11-14 00:00:00,2021-03-13 00:00:00,"3n3je4qrt3ig259hs1ar9aidoo",,1,108,1814,7830,"https://meet.google.com/unt-afet-stj",
1445,2020-10-31 00:00:00,2021-02-27 00:00:00,"obpmkshdj4vbdrgcdh245lf8r4",,1,107,1651,7830,"https://meet.google.com/xgg-puzf-pwj",
1446,,,"",,1,106,,7830,"",
1448,2020-10-31 00:00:00,2021-02-27 00:00:00,"bamm2q30j9ja709pbuj7ra28pk",,1,104,1869,7830,"https://meet.google.com/zci-kdbk-bqy",
1449,2020-10-31 00:00:00,2021-02-27 00:00:00,"u37ijk31jd7g96kns4qf32i5tc",,1,103,1731,7830,"https://meet.google.com/zbk-oaxm-tfi",
1450,,,"",,1,102,,7830,"",
1451,,,"",,1,101,,7830,"",
1452,,,"",,1,110,,7770,"",
1453,,,"",,1,109,,7770,"",
1454,2020-11-14 00:00:00,2021-03-13 00:00:00,"20v9p6k83621rltlmogl2jau2s",,1,108,936,7770,"https://meet.google.com/ziw-tigk-eqi",
1456,,,"",,1,106,,7770,"",
1457,,,"",,1,105,,7770,"",
1458,,,"",,1,104,,7770,"",
1460,,,"",,1,102,,7770,"",
1461,,,"",,1,101,,7770,"",
1462,,,"",,1,110,,7710,"",
1463,,,"",,1,109,,7710,"",
1464,,,"",,1,108,,7710,"",
1465,,,"",,1,107,,7710,"",
1466,,,"",,1,106,,7710,"",
1467,,,"",,1,105,,7710,"",
1468,,,"",,1,104,,7710,"",
1469,,,"",,1,103,,7710,"",
1470,,,"",,1,102,,7710,"",
1471,,,"",,1,101,,7710,"",
1472,,,"",,1,110,,6390,"",
1473,2020-11-13 00:00:00,2021-03-12 00:00:00,"q5t0kcloik6eidpj8mv7866kdk",,1,109,797,6390,"https://meet.google.com/dzs-kthk-one",
1131,2020-09-22 00:00:00,2021-01-19 00:00:00,"8gdpkdhi7oj4mbdsqj2th4lu84",,1,63,681,1980,"https://meet.google.com/cvh-rppb-qdp",
1145,2020-10-18 00:00:00,2021-02-14 00:00:00,"8v7qbi2ivsh2usu5oivjh06ge4",,1,82,1251,9240,"https://meet.google.com/tys-wqtr-bpu",
432,2020-10-24 00:00:00,2021-02-20 00:00:00,"vvaghi7junrha1pp1ag5duppqs",,1,28,1431,7740,"https://meet.google.com/tyw-gyxn-csz",
694,2020-10-01 00:00:00,2021-01-28 00:00:00,"o3bledmljc6immjki1fn1ej48o",,1,25,732,4740,"https://meet.google.com/pdo-midf-cgo",
809,2020-10-05 00:00:00,2021-02-01 00:00:00,"8blg4l27ga4rvsmm0jjvi1k3h8",,1,24,557,420,"https://meet.google.com/jzm-eodb-zpt",
951,,,"",,1,47,,9180,"",
441,2020-10-10 00:00:00,2021-02-06 00:00:00,"ovn8d835du2demv4j898p23tag",,1,27,287,7620,"https://meet.google.com/ume-gmgy-xza",
453,2020-10-15 00:00:00,2021-02-11 00:00:00,"5abaa02ojpegnsv9bkn0rgaqhk",,1,27,1055,4800,"https://meet.google.com/ymv-rxsq-edi",
320,,,"",,1,23,,4740,"",
472,2020-10-13 00:00:00,2021-02-09 00:00:00,"gri7anpleqsug839mhnp0pq8s0",,1,28,1326,1800,"https://meet.google.com/hyd-fpqe-dqw",
967,,,"",,1,47,,7680,"",
442,2020-10-16 00:00:00,2021-02-12 00:00:00,"h3o0hqrtolr9844l4qsnovart0",,1,28,673,6360,"https://meet.google.com/sue-aguj-bzu",
1213,2020-10-24 00:00:00,2021-02-20 00:00:00,"u3b4ov2dks31nt4ftsn9udgeus",,1,83,1451,7560,"https://meet.google.com/xoz-uamd-mah",
1268,2020-10-22 00:00:00,2021-02-18 00:00:00,"2e69ko38qpbcbg2aoejkelpqro",,1,84,687,4920,"https://meet.google.com/mmw-pxia-yha",
1567,2020-11-17 00:00:00,2021-03-16 00:00:00,"ddpegp74gc2v9g2i6jnqmqs1pk",,1,105,1054,2070,"https://meet.google.com/yzc-wzbe-yre",
1568,2020-11-17 00:00:00,2021-03-16 00:00:00,"cin3v3hd4era5uir4po9c567f8",,1,104,854,2070,"https://meet.google.com/eek-hxxm-pfe",
1569,2020-11-17 00:00:00,2021-03-16 00:00:00,"tm8aktp06mabg0hcsdkohu2fec",,1,103,863,2070,"https://meet.google.com/bxo-fbxx-kyq",
1570,2020-11-17 00:00:00,2021-03-16 00:00:00,"7vrk1ki80r3fq3rgtbe967k0oo",,1,102,954,2070,"https://meet.google.com/tab-bzoj-bvj",
1571,2020-11-17 00:00:00,2021-03-16 00:00:00,"u5p2f0lt3708bq7oeifblc5bfs",,1,101,972,2070,"https://meet.google.com/xpp-fktq-nvs",
1572,,,"",,1,110,,2010,"",
1573,,,"",,1,109,,2010,"",
1574,2020-10-27 00:00:00,2021-02-23 00:00:00,"5le8j5nv82o3s4972fnafqr30s",,1,108,1769,2010,"https://meet.google.com/fkq-zfte-eeq",
1575,,,"",,1,107,,2010,"",
1576,,,"",,1,106,,2010,"",
1577,,,"",,1,105,,2010,"",
1578,,,"",,1,104,,2010,"",
1579,,,"",,1,103,,2010,"",
1580,,,"",,1,102,,2010,"",
1581,,,"",,1,101,,2010,"",
1582,,,"",,1,110,,1950,"",
1583,,,"",,1,109,,1950,"",
1584,,,"",,1,108,,1950,"",
1585,,,"",,1,107,,1950,"",
1586,,,"",,1,106,,1950,"",
1587,,,"",,1,105,,1950,"",
1588,,,"",,1,104,,1950,"",
1589,,,"",,1,103,,1950,"",
1590,,,"",,1,102,,1950,"",
1591,,,"",,1,101,,1950,"",
1592,2020-11-08 00:00:00,2021-03-07 00:00:00,"qabf5q7549hniunp252pg0t2qs",,1,110,1949,9210,"https://meet.google.com/htk-mrqk-sph",
1593,2020-11-15 00:00:00,2021-03-14 00:00:00,"il5vr1u3g1v6b1j47i258m6e48",,1,109,1101,9210,"https://meet.google.com/igo-gzzd-vcd",
1594,,,"",,1,108,,9210,"",
1595,2020-10-25 00:00:00,2021-02-21 00:00:00,"osr6dasv67fkjhj5g1ntt22i7k",,1,107,1710,9210,"https://meet.google.com/fzh-iqad-hqn",
1596,2020-11-15 00:00:00,2021-03-14 00:00:00,"2stf16p0q2ec5e3jdjpjcsfcqo",,1,106,816,9210,"https://meet.google.com/rxt-eedo-fwo",
1597,2020-11-15 00:00:00,2021-03-14 00:00:00,"oq37r5udj4n91oqp3srq71j97g",,1,105,1103,9210,"https://meet.google.com/ddg-spuu-nnu",
1598,,,"",,1,104,,9210,"",
1599,,,"",,1,103,,9210,"",
1600,2020-11-15 00:00:00,2021-03-14 00:00:00,"775d3s4bvf0994g2pi4bblj5hc",,1,102,861,9210,"https://meet.google.com/rwf-dkbb-yck",
1601,,,"",,1,101,,9210,"",
1602,,,"",,1,110,,9150,"",
1603,,,"",,1,109,,9150,"",
1604,,,"",,1,108,,9150,"",
1605,2020-11-15 00:00:00,2021-03-14 00:00:00,"r5lm7h8fuqu2rflcvb2hkttnd8",,1,107,1831,9150,"https://meet.google.com/mez-ownp-kub",
1606,,,"",,1,106,,9150,"",
1607,,,"",,1,105,,9150,"",
1608,,,"",,1,104,,9150,"",
1609,,,"",,1,103,,9150,"",
1610,,,"",,1,102,,9150,"",
1611,,,"",,1,101,,9150,"",
1612,,,"",,1,110,,9090,"",
1613,,,"",,1,109,,9090,"",
1614,,,"",,1,108,,9090,"",
1615,,,"",,1,107,,9090,"",
1616,,,"",,1,106,,9090,"",
1617,,,"",,1,105,,9090,"",
1618,,,"",,1,104,,9090,"",
1619,,,"",,1,103,,9090,"",
1620,,,"",,1,102,,9090,"",
1621,,,"",,1,101,,9090,"",
1622,,,"",,1,110,,9030,"",
1623,,,"",,1,109,,9030,"",
1624,,,"",,1,108,,9030,"",
1625,,,"",,1,107,,9030,"",
1626,,,"",,1,106,,9030,"",
1627,,,"",,1,105,,9030,"",
1628,,,"",,1,104,,9030,"",
1629,,,"",,1,103,,9030,"",
1630,,,"",,1,102,,9030,"",
1631,,,"",,1,101,,9030,"",
641,2020-10-02 00:00:00,2021-01-29 00:00:00,"amfg81o07h17en5a0aa7dsi650",,1,24,916,6360,"https://meet.google.com/sis-gabi-wyg",
1038,,,"",,1,52,,4860,"",
1139,2020-11-02 00:00:00,2021-03-01 00:00:00,"69eik85lm8u1f1r9h8uh5v4m10",,1,63,1871,540,"https://meet.google.com/cvu-ntdm-bhn",
1459,,,"",,1,103,,7770,"",
723,2020-11-18 00:00:00,2021-03-17 00:00:00,"cfiqhgfnrns8fm2156bo0p4poo",,1,26,2253,3360,"https://meet.google.com/pgh-szpw-zzh",
1481,2020-11-13 00:00:00,2021-03-12 00:00:00,"18kklevl0e49n584g1rbuljfc8",,1,101,798,6390,"https://meet.google.com/dsf-wfgd-hey",
1443,2020-11-14 00:00:00,2021-03-13 00:00:00,"d5so0nm9i0pgbbc3ec19hr3b5k",,1,109,2110,7830,"https://meet.google.com/kog-kwbk-onk",
1061,,,"",,1,49,,600,"",
1362,2020-11-10 00:00:00,2021-03-09 00:00:00,"mc76d0o8kiim45vdnm6m25t3p4",,1,82,1812,1980,"https://meet.google.com/koq-xyaz-xkm",
1563,2020-11-17 00:00:00,2021-03-16 00:00:00,"lku8ahful46m18brppfqafb3ok",,1,109,997,2070,"https://meet.google.com/gck-yazk-rdh",
1120,2020-09-23 00:00:00,2021-01-20 00:00:00,"nkgnstlp9av8qg7qv60t6tj1vs",,1,62,751,3480,"https://meet.google.com/hqb-jrsv-vpv",
947,,,"",,1,43,,9240,"",
1142,,,"",,1,84,,9240,"",
634,2020-09-26 00:00:00,2021-01-23 00:00:00,"9fks93mt9j38hjre0cq3irgums",,1,25,872,7500,"https://meet.google.com/mws-yvmt-fwv",
1229,2020-10-02 00:00:00,2021-01-29 00:00:00,"v4is236immd9ftu03fsl0ifgps",,1,82,893,6360,"https://meet.google.com/brw-nuzn-vkh",
976,,,"",,1,46,,4860,"",
988,2020-10-01 00:00:00,2021-01-28 00:00:00,"2oqji0sdjnocsv20od51pek01o",,1,42,919,4800,"https://meet.google.com/xca-ervd-fwt",
959,2020-10-03 00:00:00,2021-01-30 00:00:00,"ehsrjl6lb45kkvhemhbehg4bu0",,1,47,975,7740,"https://meet.google.com/gnw-kyeg-tqe",
1149,2020-10-04 00:00:00,2021-01-31 00:00:00,"nfj369uvtrdr7579ditujfq1vk",,1,84,976,9180,"https://meet.google.com/mdg-cssc-gam",
1102,2020-10-23 00:00:00,2021-02-19 00:00:00,"hrmieiu8v38eek56ij8u2av9l4",,1,64,1650,6360,"https://meet.google.com/wzs-uwww-hug",
1233,2020-10-02 00:00:00,2021-01-29 00:00:00,"7pn7fdr5gdkdciov7krlb53jpo",,1,84,681,6300,"https://meet.google.com/ogw-sydc-rak",
705,,,"",,1,26,,4620,"",
801,2020-10-12 00:00:00,2021-02-08 00:00:00,"lhe9aq7mdfqhuk8pr0d6dej07g",,1,26,1137,480,"https://meet.google.com/vhi-unjb-sis",
1024,,,"",,1,50,,360,"",
753,2020-10-13 00:00:00,2021-02-09 00:00:00,"8ghei687vito040894i45f0gk8",,1,26,1165,1980,"https://meet.google.com/uyc-qfkf-yvb",
460,2020-10-14 00:00:00,2021-02-10 00:00:00,"mapeen19tdos2u0qg9na0dtoek",,1,28,76,3420,"https://meet.google.com/qoe-eajn-ays",
425,2020-10-18 00:00:00,2021-02-14 00:00:00,"8rur2ebvrb1tgkdjuftf0kv80s",,1,27,336,9060,"https://meet.google.com/dyd-jxcy-rzq",
1205,2020-10-17 00:00:00,2021-02-13 00:00:00,"up8v7qbrqla7u4ddpj8ab80kc8",,1,84,1250,7620,"https://meet.google.com/xwz-iwdf-sgi",
1401,,,"",,1,84,,540,"",
973,,,"",,1,41,,7680,"",
1402,,,"",,1,83,,540,"",
633,,,"",,1,26,,7500,"",
1177,2020-10-25 00:00:00,2021-02-21 00:00:00,"hhpjjinj79ico585jrcs12m6dk",,1,84,1569,8940,"https://meet.google.com/wus-faiq-pdd",
479,2020-11-02 00:00:00,2021-03-01 00:00:00,"li1nsuuk6n95adn8rp4ia57gf8",,1,27,1773,480,"https://meet.google.com/dtp-dgbp-neh",
1103,,,"",,1,63,,6360,"",
328,2020-11-12 00:00:00,2021-03-11 00:00:00,"32q080o3i72kev2jdmhovcm7js",,1,21,2091,4680,"https://meet.google.com/vth-ayqv-qih",
943,,,"",,1,47,,9240,"",
1134,,,"",,1,64,,600,"",
1029,2020-10-02 00:00:00,2021-01-29 00:00:00,"uqck97j9kv69fdoch29lt1qkmk",,1,49,681,6360,"https://meet.google.com/psu-gjqs-ufo",
1159,2020-09-27 00:00:00,2021-01-24 00:00:00,"6ocm5mchq64kplqo4usvfu5i2k",,1,82,715,9120,"https://meet.google.com/xub-nkwg-qfk",
250,2020-10-01 00:00:00,2021-01-28 00:00:00,"40j7ooai9plnde74jt8vdutb0s",,1,3,932,4800,"https://meet.google.com/rad-vbwq-ozr",
958,,,"",,1,48,,7740,"",
1150,2020-10-11 00:00:00,2021-02-07 00:00:00,"4m7nn0uheqd0qfnor5u338nu0c",,1,83,1138,9180,"https://meet.google.com/iys-cafk-ooc",
302,,,"",,1,23,,4920,"",
181,2020-10-02 00:00:00,2021-01-29 00:00:00,"bnokrromop36mpjqqbenbjo5u4",,1,2,1093,6300,"https://meet.google.com/nsv-qpdq-nqf",
954,,,"",,1,44,,9180,"",
950,,,"",,1,48,,9180,"",
960,2020-10-17 00:00:00,2021-02-13 00:00:00,"gup8hg1fe0247apn6hut0ha4f0",,1,46,1230,7740,"https://meet.google.com/qet-bdsi-vhn",
1192,2020-10-10 00:00:00,2021-02-06 00:00:00,"skoq7jbohevt24e5rn9s0964vo",,1,83,1126,7740,"https://meet.google.com/ecp-sfts-nwh",
348,,,"",,1,22,,3300,"",
604,2020-10-10 00:00:00,2021-02-06 00:00:00,"tlf3tk5fbtn9a3v3pi6aphia64",,1,25,1163,7800,"https://meet.google.com/jet-vkyn-xhm",
1241,2020-10-16 00:00:00,2021-02-12 00:00:00,"mmj05evmljd00tth4e5t174a7k",,1,83,1124,6240,"https://meet.google.com/tse-jqod-wqf",
1206,2020-10-17 00:00:00,2021-02-13 00:00:00,"olk8kdumrerjrqnvl8jo9q4tt4",,1,83,1258,7620,"https://meet.google.com/drh-xgwy-vzs",
1201,2020-10-17 00:00:00,2021-02-13 00:00:00,"sn7ogjj13busr4radgslhgtmmk",,1,82,1245,7680,"https://meet.google.com/emm-tzsg-hxw",
1170,2020-10-18 00:00:00,2021-02-14 00:00:00,"4auigsl78rdmhvdhls3r5e0vv4",,1,84,1274,9000,"https://meet.google.com/nnz-ursh-rek",
205,2020-10-15 00:00:00,2021-02-11 00:00:00,"tsluoh9o4esdobv22f5h573gjg",,1,1,864,4860,"https://meet.google.com/mud-vssq-xsp",
347,,,"",,1,23,,3300,"",
730,2020-10-21 00:00:00,2021-02-17 00:00:00,"spjptpocal40evbfvlnaup7glc",,1,25,1259,3300,"https://meet.google.com/cto-tygx-oen",
449,,,"",,1,27,,4920,"",
1005,,,"",,1,41,,1920,"",
429,2020-09-26 00:00:00,2021-01-23 00:00:00,"rt39urmpvrgogmekaoahhno2pk",,1,27,773,7800,"https://meet.google.com/upz-yggf-bsj",
994,,,"",,1,44,,1980,"",
1065,,,"",,1,49,,540,"",
1059,2020-10-26 00:00:00,2021-02-22 00:00:00,"nc45fd4591l0k8is1gokuihd3c",,1,51,1652,600,"https://meet.google.com/ktn-zfux-xqc",
586,2020-10-18 00:00:00,2021-02-14 00:00:00,"88cnds5h7gtqlsn883kvkr0240",,1,25,1260,9060,"https://meet.google.com/gcj-rgbu-tie",
966,,,"",,1,48,,7680,"",
440,2020-10-17 00:00:00,2021-02-13 00:00:00,"irs0rtfrlf62mr3rq9vguciodo",,1,28,1330,7620,"https://meet.google.com/ncp-atbz-jak",
1137,2020-10-19 00:00:00,2021-02-15 00:00:00,"kgpqbv9r95hh0nfair5i5pn224",,1,61,1263,600,"https://meet.google.com/vva-cnsn-ohe",
1276,2020-10-22 00:00:00,2021-02-18 00:00:00,"mlpkfurq5p3pfbjantnrhu1vgo",,1,83,1469,4860,"https://meet.google.com/sht-qkno-nez",
1058,2020-10-19 00:00:00,2021-02-15 00:00:00,"ih3kiba8iq481vo8m30usk5grk",,1,52,720,600,"https://meet.google.com/tow-tcos-vdy",
593,2020-10-25 00:00:00,2021-02-21 00:00:00,"76te66bnl791sb460ku7nuau44",,1,24,1610,9000,"https://meet.google.com/enc-nkpg-fdy",
1041,2020-10-29 00:00:00,2021-02-25 00:00:00,"qtmjotabbeq835ssauuhvidm10",,1,49,1491,4860,"https://meet.google.com/esh-vqnb-mmj",
389,2020-10-26 00:00:00,2021-02-22 00:00:00,"rfqm2abkpn08mv5aupb8a4tas8",,1,23,1150,540,"https://meet.google.com/cby-davi-gyr",
1455,,,"",,1,107,,7770,"",
1447,2020-11-14 00:00:00,2021-03-13 00:00:00,"aq88nq0rn2ijmf8rjl2tlotdtg",,1,105,935,7830,"https://meet.google.com/pmd-uvwq-zzt",
1027,,,"",,1,51,,6360,"",
962,,,"",,1,44,,7740,"",
965,,,"",,1,41,,7740,"",
437,2020-09-26 00:00:00,2021-01-23 00:00:00,"2eldp6idsdp8bp4idna76kqv3c",,1,27,713,7680,"https://meet.google.com/cyv-mvnv-czb",
1545,2020-11-18 00:00:00,2021-03-17 00:00:00,"pmkv4mlp7d2nqbsea3euaq0h1o",,1,107,895,3450,"https://meet.google.com/tig-yjht-uyk",
979,,,"",,1,43,,4860,"",
657,2020-10-02 00:00:00,2021-01-29 00:00:00,"0dhthfoqtqvnm1ebdiv44kpt5o",,1,26,631,6180,"https://meet.google.com/vtg-anmp-yoy",
1048,2020-10-07 00:00:00,2021-02-03 00:00:00,"18rj6j4nm7541843nc6vgkjudg",,1,50,753,3420,"https://meet.google.com/ing-hipv-wkf",
760,2020-10-13 00:00:00,2021-02-09 00:00:00,"2qd1m84u1mq5r3jpufb1dtp79s",,1,25,1161,1920,"https://meet.google.com/spj-hzhk-upx",
1156,2020-10-18 00:00:00,2021-02-14 00:00:00,"bb2qnfn75tuk3hdjhhbbtssmt8",,1,84,1244,9120,"https://meet.google.com/wmb-tczg-nmy",
1383,,,"",,1,82,,1800,"",
428,2020-10-17 00:00:00,2021-02-13 00:00:00,"s9vuct8bv17t6cjlt9pkt6ichg",,1,28,1327,7800,"https://meet.google.com/scb-rwdc-thy",
968,,,"",,1,46,,7680,"",
1387,,,"",,1,84,,1740,"",
1141,2020-10-19 00:00:00,2021-02-15 00:00:00,"ii22k56j6teh9t9q7uaoe7jegk",,1,61,1490,540,"https://meet.google.com/pag-iuxx-rva",
1130,2020-10-20 00:00:00,2021-02-16 00:00:00,"99qssjrn6v299fpd971dbm26pk",,1,64,1275,1980,"https://meet.google.com/uca-dgga-zbn",
711,2020-10-21 00:00:00,2021-02-17 00:00:00,"2720rls93balu88pem2l8ecpa4",,1,26,1510,3480,"https://meet.google.com/mre-uxyk-ezf",
807,2020-09-28 00:00:00,2021-01-25 00:00:00,"pbn6p6u7hoguahlrcadvsphou8",,1,26,719,420,"https://meet.google.com/tzx-wobe-yyf",
747,2020-09-22 00:00:00,2021-01-19 00:00:00,"eimp0nidcebj3vtecvkscqpj60",,1,26,747,2040,"https://meet.google.com/yai-hyoo-ejf",
363,2020-09-29 00:00:00,2021-01-26 00:00:00,"2u58np7n1i0kvkhvo887i5md8s",,1,22,857,1980,"https://meet.google.com/tbg-adtw-uih",
957,,,"",,1,41,,9180,"",
754,2020-08-25 00:00:00,2020-12-22 00:00:00,"pg6itv2ho1chumm4g3lpsth2tk",,1,25,275,1980,"https://meet.google.com/hrf-axri-ypc?hs=122&authuser=3",
375,,,"",,1,22,,1860,"",
975,,,"",,1,47,,4860,"",
658,2020-10-02 00:00:00,2021-01-29 00:00:00,"12p7fqe3m1dmgja87o7ml75lf0",,1,25,734,6180,"https://meet.google.com/kpw-ebfq-jwu",
1230,2020-10-09 00:00:00,2021-02-05 00:00:00,"bnag06cj5f9k5hgdn2e72djom4",,1,26,1116,6360,"https://meet.google.com/kjc-xjzu-jxn",
416,2020-10-04 00:00:00,2021-01-31 00:00:00,"3f2irjnu2p3o84l38sn7bejesg",,1,28,1113,9180,"https://meet.google.com/tei-xvif-dsb",
477,2020-10-12 00:00:00,2021-02-08 00:00:00,"1crioooo8pugh2v5ndg1aeiiec",,1,27,150,540,"https://meet.google.com/oca-cgeu-zzy",
1290,2020-10-15 00:00:00,2021-02-11 00:00:00,"vm67rpml3jajm3colqnhq78sro",,1,83,1098,4740,"https://meet.google.com/axm-ysyq-frz",
693,2020-10-15 00:00:00,2021-02-11 00:00:00,"a8j8pl03gadubq8lm77bfulf80",,1,26,1123,4740,"https://meet.google.com/vyp-uvah-mjm",
587,2020-10-18 00:00:00,2021-02-14 00:00:00,"sve4chaplaegb0dnfuj55h1gtg",,1,24,1262,9060,"https://meet.google.com/bfn-bffs-cvd",
970,,,"",,1,44,,7680,"",
743,2020-10-14 00:00:00,2021-02-10 00:00:00,"p0mh1ue965r7prhg3viocupvoc",,1,24,1322,3180,"https://meet.google.com/hrm-fnpi-riq",
969,2020-10-17 00:00:00,2021-02-13 00:00:00,"b5mnnnvi3nl42uicphvta43sbc",,1,45,1334,7680,"https://meet.google.com/mbw-gyuu-nda",
1313,2020-10-21 00:00:00,2021-02-17 00:00:00,"l5t099fqcmihnj4134q6u6dfvc",,1,82,1053,3480,"https://meet.google.com/qwp-egib-uyh",
1212,2020-10-17 00:00:00,2021-02-13 00:00:00,"68i1dfcp91a7q6fj6rh48j0gqo",,1,84,1243,7560,"https://meet.google.com/dsz-fvxe-zra",
990,,,"",,1,48,,1980,"",
1220,2020-10-24 00:00:00,2021-02-20 00:00:00,"3d7dsrsfbr4495ts32395v9lps",,1,83,1318,7500,"https://meet.google.com/bve-xcms-wgp",
321,2020-10-22 00:00:00,2021-02-18 00:00:00,"1lktbsan6lsegiv28dlf24phjg",,1,22,1470,4740,"https://meet.google.com/nay-sjuw-mgh",
1222,,,"",,1,82,,7500,"",
1119,2020-10-28 00:00:00,2021-02-24 00:00:00,"4pltsvhqu950vglpebt68jnuqg",,1,63,1630,3480,"https://meet.google.com/rnq-myxj-cwg",
1474,2020-11-06 00:00:00,2021-03-05 00:00:00,"g928laukq7nnh0f39sbsd26ric",,1,108,2009,6390,"https://meet.google.com/wqx-ehrr-xko",
1475,2020-11-06 00:00:00,2021-03-05 00:00:00,"rqucnm8qlf7cm0g7ccu3pot2jg",,1,107,1653,6390,"https://meet.google.com/uos-zqgu-kce",
1476,,,"",,1,106,,6390,"",
1477,,,"",,1,105,,6390,"",
1479,2020-11-06 00:00:00,2021-03-05 00:00:00,"t6o7m55m0k8hm3tob5bf6r6vd0",,1,103,1929,6390,"https://meet.google.com/mdk-eemm-vkk",
1480,2020-11-06 00:00:00,2021-03-05 00:00:00,"i4d4fv1lascvkfauhe0mj52th0",,1,102,1973,6390,"https://meet.google.com/abn-nifj-htu",
1482,,,"",,1,110,,6330,"",
1483,,,"",,1,109,,6330,"",
1484,,,"",,1,108,,6330,"",
1485,,,"",,1,107,,6330,"",
1486,,,"",,1,106,,6330,"",
1487,,,"",,1,105,,6330,"",
1488,,,"",,1,104,,6330,"",
1489,,,"",,1,103,,6330,"",
1490,,,"",,1,102,,6330,"",
1491,,,"",,1,101,,6330,"",
1492,,,"",,1,110,,6270,"",
1493,,,"",,1,109,,6270,"",
1494,,,"",,1,108,,6270,"",
1495,,,"",,1,107,,6270,"",
1496,,,"",,1,106,,6270,"",
1497,,,"",,1,105,,6270,"",
1498,,,"",,1,104,,6270,"",
1499,,,"",,1,103,,6270,"",
1500,,,"",,1,102,,6270,"",
1501,,,"",,1,101,,6270,"",
1502,,,"",,1,110,,4950,"",
1503,,,"",,1,109,,4950,"",
1504,,,"",,1,108,,4950,"",
1505,,,"",,1,107,,4950,"",
1506,,,"",,1,106,,4950,"",
1507,,,"",,1,105,,4950,"",
1508,,,"",,1,104,,4950,"",
1509,,,"",,1,103,,4950,"",
1510,2020-11-12 00:00:00,2021-03-11 00:00:00,"ips67vo7up71defvflm4s3ht1o",,1,102,862,4950,"https://meet.google.com/tdv-cxhx-aih",
1511,,,"",,1,101,,4950,"",
1512,,,"",,1,110,,4890,"",
1513,,,"",,1,109,,4890,"",
1514,2020-11-05 00:00:00,2021-03-04 00:00:00,"eutgoj9tktu1vvfq9k2n9po87g",,1,108,1549,4890,"https://meet.google.com/uae-hcpg-xxo",
1515,,,"",,1,107,,4890,"",
1516,2020-10-29 00:00:00,2021-02-25 00:00:00,"1t54jb48rrka1rj4lqunrrhgjg",,1,106,1689,4890,"https://meet.google.com/gho-uzhy-jir",
1517,2020-11-12 00:00:00,2021-03-11 00:00:00,"64b6f5j5i4reng5h287tk1bllc",,1,105,913,4890,"https://meet.google.com/cma-mhye-pep",
1518,2020-11-12 00:00:00,2021-03-11 00:00:00,"vb9k2dv82k9sdkr7ou9svuoccs",,1,104,1097,4890,"https://meet.google.com/zib-ymtd-mky",
1519,,,"",,1,103,,4890,"",
1520,,,"",,1,102,,4890,"",
1521,2020-11-12 00:00:00,2021-03-11 00:00:00,"4bo41hibbutha4bufecihcr3b8",,1,101,1127,4890,"https://meet.google.com/omd-yggv-wit",
1522,,,"",,1,110,,4830,"",
1523,,,"",,1,109,,4830,"",
1524,,,"",,1,108,,4830,"",
1525,,,"",,1,107,,4830,"",
1526,,,"",,1,106,,4830,"",
1527,,,"",,1,105,,4830,"",
1528,,,"",,1,104,,4830,"",
1529,,,"",,1,103,,4830,"",
1530,,,"",,1,102,,4830,"",
1531,,,"",,1,101,,4830,"",
1532,2020-11-11 00:00:00,2021-03-10 00:00:00,"aupenfid75n2kojiovjbkq7aec",,1,110,2192,3510,"https://meet.google.com/tjj-qezj-aza",
1533,,,"",,1,109,,3510,"",
1534,,,"",,1,108,,3510,"",
1535,,,"",,1,107,,3510,"",
1536,,,"",,1,106,,3510,"",
1537,2020-11-18 00:00:00,2021-03-17 00:00:00,"e67gjrin0q5eepmkghi1dfebik",,1,105,858,3510,"https://meet.google.com/cmq-gctd-ryc",
1538,,,"",,1,104,,3510,"",
1539,,,"",,1,103,,3510,"",
1540,,,"",,1,102,,3510,"",
1541,,,"",,1,101,,3510,"",
1542,,,"",,1,110,,3450,"",
1543,,,"",,1,109,,3450,"",
1544,,,"",,1,108,,3450,"",
1546,,,"",,1,106,,3450,"",
1547,,,"",,1,105,,3450,"",
1548,,,"",,1,104,,3450,"",
1549,,,"",,1,103,,3450,"",
1550,,,"",,1,102,,3450,"",
1551,,,"",,1,101,,3450,"",
1552,,,"",,1,110,,3390,"",
1553,2020-11-04 00:00:00,2021-03-03 00:00:00,"mt8d08mskfblu36vdhshmf67sk",,1,109,681,3390,"https://meet.google.com/roq-aqij-nnz",
1554,,,"",,1,108,,3390,"",
1555,,,"",,1,107,,3390,"",
1556,,,"",,1,106,,3390,"",
1557,,,"",,1,105,,3390,"",
1558,,,"",,1,104,,3390,"",
1559,,,"",,1,103,,3390,"",
1560,,,"",,1,102,,3390,"",
1561,,,"",,1,101,,3390,"",
1562,,,"",,1,110,,2070,"",
1564,,,"",,1,108,,2070,"",
1565,,,"",,1,107,,2070,"",
1566,,,"",,1,106,,2070,"",
1105,2020-10-02 00:00:00,2021-01-29 00:00:00,"bdj2nsrqr86vlff1uqs3etot1g",,1,61,772,6360,"https://meet.google.com/sje-ixim-fgx",
1243,2020-10-09 00:00:00,2021-02-05 00:00:00,"qrtaisorcf9bch6k62ljvsuas4",,1,82,1118,6240,"https://meet.google.com/utq-zkww-xnc",
1143,,,"",,1,83,,9240,"",
1194,2020-10-03 00:00:00,2021-01-30 00:00:00,"20d6ms22leipqrfurn9hvibff0",,1,82,1036,7740,"https://meet.google.com/shz-zyry-uzu",
1247,2020-10-16 00:00:00,2021-02-12 00:00:00,"m8lnrv2g4celkjsfsvmgsa3e3g",,1,84,1336,6180,"https://meet.google.com/eak-nbsc-agx",
1248,2020-09-25 00:00:00,2021-01-22 00:00:00,"cvacsotho9rfvj52js6rt81qv4",,1,83,722,6180,"https://meet.google.com/xfi-pjpj-sco",
1106,2020-10-02 00:00:00,2021-01-29 00:00:00,"t1qnoc6j008n5gvmn9u04o9iu0",,1,64,193,6300,"https://meet.google.com/pkt-jjqi-bbg",
1250,2020-10-09 00:00:00,2021-02-05 00:00:00,"2t0hekta8ljohh51f0lhjj8c1g",,1,82,1143,6180,"https://meet.google.com/xaw-zdap-vta",
677,,,"",,1,24,,4920,"",
1104,2020-10-02 00:00:00,2021-01-29 00:00:00,"u2n43eki2pusljbubqs1ean5eg",,1,62,742,6360,"https://meet.google.com/tdj-ncbf-qob",
471,2020-10-13 00:00:00,2021-02-09 00:00:00,"vfsb0uf46odu0fpat6m2nf8lqc",,1,27,336,1860,"https://meet.google.com/tan-zbrj-obg",
1254,,,"",,1,84,,6120,"",
1255,,,"",,1,83,,6120,"",
974,2020-10-08 00:00:00,2021-02-04 00:00:00,"614ltju6qnf2huidiifqsrl9dc",,1,48,1127,4860,"https://meet.google.com/ksc-qihr-pec",
1257,,,"",,1,82,,6120,"",
1001,,,"",,1,45,,1920,"",
1262,,,"",,1,83,,6060,"",
1264,,,"",,1,82,,6060,"",
1269,2020-10-08 00:00:00,2021-02-04 00:00:00,"4d37chp6mjgunftfptenir625k",,1,83,1164,4920,"https://meet.google.com/snx-pdph-jvs",
1271,2020-10-08 00:00:00,2021-02-04 00:00:00,"kn5rnf4keauf3lrguuc16hveo4",,1,82,1144,4920,"https://meet.google.com/vde-jumr-axu",
1275,2020-10-08 00:00:00,2021-02-04 00:00:00,"o9jp4msegj1r536iv8ah9ifke8",,1,84,1154,4860,"https://meet.google.com/dpd-bfws-fwu",
1278,,,"",,1,82,,4860,"",
1282,,,"",,1,84,,4800,"",
1283,,,"",,1,83,,4800,"",
1285,,,"",,1,82,,4800,"",
1289,2020-09-24 00:00:00,2021-01-21 00:00:00,"pm27p1c1m5mmf4t19lgeou1foc",,1,84,724,4740,"https://meet.google.com/zop-nxuv-zjj",
1292,2020-10-08 00:00:00,2021-02-04 00:00:00,"q0otcb1askc7q1svnjaem26f98",,1,82,602,4740,"https://meet.google.com/nbj-iswn-she",
1296,,,"",,1,84,,4680,"",
1297,2020-10-15 00:00:00,2021-02-11 00:00:00,"bod7s52v0um6iq9pk5ehn3aivg",,1,83,358,4680,"https://meet.google.com/pca-gpfe-bhm",
1299,2020-11-05 00:00:00,2021-03-04 00:00:00,"lcki5ip49dlm21pmrerh1gvkp4",,1,82,1096,4680,"https://meet.google.com/udh-yokf-awk",
1303,,,"",,1,84,,4620,"",
1304,,,"",,1,83,,4620,"",
1306,,,"",,1,82,,4620,"",
1310,2020-10-14 00:00:00,2021-02-10 00:00:00,"2jog4hhchpgue81ej7tvcndqd0",,1,84,1352,3480,"https://meet.google.com/whz-izcb-uyu",
1311,2020-09-30 00:00:00,2021-01-27 00:00:00,"q4da21f4l25b1i8s9mouut5m30",,1,83,686,3480,"https://meet.google.com/ivr-qjvm-zwn",
1317,,,"",,1,84,,3420,"",
1318,,,"",,1,83,,3420,"",
1320,,,"",,1,82,,3420,"",
1324,,,"",,1,84,,3360,"",
1325,,,"",,1,83,,3360,"",
1327,,,"",,1,82,,3360,"",
1331,2020-09-30 00:00:00,2021-01-27 00:00:00,"86bmra5h0qkb9t6ln2fbodvqpc",,1,84,555,3300,"https://meet.google.com/jvm-qojt-srq",
1332,2020-09-30 00:00:00,2021-01-27 00:00:00,"katsk7kmvf7ga9i1i7bp979cd4",,1,83,838,3300,"https://meet.google.com/qti-exvm-udw",
1334,2020-10-14 00:00:00,2021-02-10 00:00:00,"mncvphp4fafup7ql60qj2ku44k",,1,82,1099,3300,"https://meet.google.com/zox-kmiu-rgm",
1338,,,"",,1,84,,3240,"",
1339,,,"",,1,83,,3240,"",
1341,,,"",,1,82,,3240,"",
1345,2020-09-30 00:00:00,2021-01-27 00:00:00,"j04m18r1je79b2aat76ikakg74",,1,84,995,3180,"https://meet.google.com/xpr-bxya-ots",
1346,,,"",,1,83,,3180,"",
1348,,,"",,1,82,,3180,"",
1352,,,"",,1,84,,2040,"",
1355,,,"",,1,82,,2040,"",
1359,,,"",,1,84,,1980,"",
1360,2020-11-10 00:00:00,2021-03-09 00:00:00,"beu5s34su53vim53l46902libc",,1,83,1033,1980,"https://meet.google.com/ejf-zfyx-dav",
1366,,,"",,1,84,,1920,"",
1367,,,"",,1,83,,1920,"",
1369,2020-09-22 00:00:00,2021-01-19 00:00:00,"tgoqo819jt07jnaa6vilm2lu8o",,1,82,748,1920,"https://meet.google.com/gsi-tavt-khp",
1373,2020-09-29 00:00:00,2021-01-26 00:00:00,"82el9fuaaiu7jskcc9hfm1clgs",,1,84,621,1860,"https://meet.google.com/zzp-zhit-axm",
1374,2020-09-29 00:00:00,2021-01-26 00:00:00,"nqhhs6sk3th7ha6v7708j6ml8c",,1,83,609,1860,"https://meet.google.com/guy-vtqi-mfj",
1376,2020-09-22 00:00:00,2021-01-19 00:00:00,"2jjetdq0a9i1kta46obon3bcu8",,1,82,361,1860,"https://meet.google.com/gkw-rjpr-hyz",
1380,,,"",,1,84,,1800,"",
1381,,,"",,1,83,,1800,"",
1388,,,"",,1,83,,1740,"",
1390,,,"",,1,82,,1740,"",
1394,,,"",,1,84,,600,"",
1395,2020-09-28 00:00:00,2021-01-25 00:00:00,"a0do7thpjdrfnf14f5tlcl2qlk",,1,83,675,600,"https://meet.google.com/idi-ckrd-goc",
1397,2020-09-28 00:00:00,2021-01-25 00:00:00,"dsall2c1neoen7453l6kvi244k",,1,82,922,600,"https://meet.google.com/oma-bgmb-knh",
1404,,,"",,1,82,,540,"",
1408,,,"",,1,84,,480,"",
1409,,,"",,1,83,,480,"",
1411,2020-10-05 00:00:00,2021-02-01 00:00:00,"ptvnan4qobmk9n9k46gvo8cs1k",,1,82,1112,480,"https://meet.google.com/qec-ezfi-vze",
1415,2020-09-21 00:00:00,2021-01-18 00:00:00,"ji93tih4pqvsqi6d07f5pishjk",,1,84,639,420,"https://meet.google.com/kgz-jehf-nis",
1416,2020-09-28 00:00:00,2021-01-25 00:00:00,"k1ns84hq4mboiao57a102c604c",,1,83,923,420,"https://meet.google.com/pbq-yytn-pqv",
1418,2020-09-21 00:00:00,2021-01-18 00:00:00,"lgasqcdruer73h7usttcfq1au0",,1,82,658,420,"https://meet.google.com/ybj-ajje-gwk",
1422,,,"",,1,84,,360,"",
1423,2020-10-05 00:00:00,2021-02-01 00:00:00,"7boc621mllajgejq08s4bme4ns",,1,83,992,360,"https://meet.google.com/ure-evgp-mjk",
1425,,,"",,1,82,,360,"",
1429,,,"",,1,84,,300,"",
1430,,,"",,1,83,,300,"",
1432,,,"",,1,82,,300,"",
